{"nb_nodes": 2500, "nb_edges": 7585, "density": 0.0024281712685074027, "avg_path_lenght": 0.6458548928944865}