{"nb_nodes": 1589, "nb_edges": 2742, "density": 0.0021733168683312383, "avg_path_lenght": 0.7701495776180417}