{"nb_nodes": 34, "nb_edges": 78, "density": 0.13903743315508021, "avg_path_lenght": 2.408199643493761}